cmt_col,labels
CÅ©ng trong nÃ y luÃ´n,0
Äáº·c sáº£n tá»• quá»‘c tui Ä‘Ã³ â€¦,0
Bá»‡nh cá»§a m cÃ²n náº·ng hÆ¡n ung thÆ° Ä‘áº¥y tháº±ng ngu áº¡,2
"CÃ³ cá»¥c cÃºt,nhiá»u khi cÃ²n bá»‹ luá»™c háº¿t Ä‘á»“",1
thiá»‡n tai,0
Äm báº¯t Ä‘c cháº·t chÃ¢n ko nÃ³i nhiá»u,1
á»§a tÆ°á»Ÿng sá»£ bá»‹ khui nÃªn pháº£i Ä‘Äƒng nÃ y Ä‘á»ƒ dá»a. CÃ³ lÃªn live stream nÃ³i linh tinh khÃ´ng anh RÃ¡ch cá»§a cÃ¡c em lÃ  ngÆ°á»i rÃµ nháº¥t Ä‘oÃ¡,1
"Ä‘Ãºng Ä‘Ã³m thá»Ÿ cÃ¢u nÃ o hÃ´i cÃ¢u Ä‘áº¥y =)) Ä‘Ãºng loáº¡i ruá»“i phÃ¡t sÃ¡ng Ä‘ bt gÃ¬ toÃ n nÃ³i máº¥y cÃ¢u kid . viruss lÃ  ngÆ°á»i táº¡o r con beat Ä‘áº¥y sáº½ hiá»ƒu rÃµ tá»«ng ná»‘t nháº¡c Ã¢m thanh cá»§a bÃ i ThiÃªn An Æ¡i , sao m k tá»± há»i sao rÃ¡ch láº¡i nhiá»u anti hÆ¡n cÃ¡c ca sÄ© â€¦ Xem thÃªm",2
Tr KhanhhVyy hÃ¬nh nhÆ° anh coi nháº§m phim seggs r bÃ© oi,0
giáº­t Ä‘ trÆ°á»£t phÃ¡t nÃ o Ä‘áº¿n tá»« vá»‹ trÃ­ cá»§a Äá»™ TÃ y,1
rÃ¡ng Ä‘i dáº¯k con 5 cá»§a Tuáº¥n,1
Cho em dia chi Di chi,0
GiÃ n cáº£nh ghÃª tháº­t,0
é˜®æ°å¹¸ TÃ´m Dim e k chá»‰ tháº¥y 1 láº§n Ä‘Ã¢u,0
Ad Ã³c chÃ³ nÃ£o pháº³ng vkl. Biáº¿t cc j Ä‘Ã¢u,2
Tháº±ng ad culi cá»§a ráº­n chá»§ vá»‹t táº§n xuá»‘ng dÆ°á»›i tráº£ lá»i cháº¥t váº¥n kÃ¬a :)),2
"Tháº¥y zai xoáº¯n xuÃ½t lÃªn,nghÄ© cÅ©ng tá»™i mÃ  thÃ´i cÅ©ng ká»‡",0
Mother fuck,2
Bá»n nÃ y báº¯t dc Ä‘c pháº£i sá»­ báº¯n má»›i háº£ dáº¡,2
"CÃ¡i miá»‡ng cua con bong thuÃ´i nÃ y chuoi ngta sáº½ bá»‹ UNG THU hong,lÆ°oi miá»‡ng cá»±c kÃ´?",2
CÃ¡i Ä‘á»¥,1
"Xáº¥u quÃ¡ trá»i, mÃ  bÃ y Ä‘áº·t chá»­i dan vn miá»‡ng nhÆ° hai miáº¿ng thá»‹t bÃ², ghÃ©t mÃ¡ quÃ¡ trá»i Ã  mÃ¡ Æ¡i",2
Cá»‘ váº¥n cáº¥p cao cho Ä‘Ã n c hÃ³,1
coi cÃ¡i thÃ¡i Ä‘á»™ khinh thÆ°á»ng nhÃ¬n ghÃ©t vcl gáº·p ngoÃ i Ä‘Æ°á»ng sÃºt cho máº¥y cÃ¡i vÃ o mÃµm,2
Zui vl,0
ÄÃºng lÃ  cÃ³ edit vÃ´ coi cÆ°á»i sáº·c Ã¡ ğŸ˜‚,0
dÃ¢n rick Ä‘Ã¢y rá»“i ;3,0
Tá»™i cÃ³ Tá»™i....nhÆ°ng Tá»™i ngu quÃ¡ khi nhá»¯ng tÃ¬nh huá»‘ng nÃ y hÃ ng ngÃ y nhÃ¬n tháº¥y trÃªn cÃ¡c ná»n táº£ng máº¡ng xÃ£ há»™i quÃ¡ nhiá»u,1
CÃ³ máº¥y tháº±ng cá»™ng nÃ´ lÃªn máº¡ng Ä‘á»c bÃ¡o lá» pháº£i cÅ©ng tin rÄƒm ráº¯p,2
ChÃ³ cs bÃ¡n nÆ°á»›c háº¡i dÃ¢n.,2
xin cl,1
"Anh báº£o cÃ³ lÃ m vid cho anh e xem, cÃ³ lÃ m ko",0
Váº­y mÃ  máº¥y Ã´ng liÃªn Ä‘oÃ n bÃ³ng Ä‘Ã¡ Viá»‡t Nam,0
vá» nÆ°á»›c Ä‘i con chÃ³,1
Ai giÃ u 3 há».... NhÃ¬n tá»Ÿm,1
 ok nha sÃ¡ng tá» vá»¥ cÃ³ con luÃ´n Ä‘k,0
"Tháº±ng vÃ´ danh tiá»ƒu tá»‘t nÃ y cháº¥p nÃ³ lÃ m gÃ¬, cho vÃ i tá»‡ nÃ³i cÃ¡i Ä‘Ã©o gÃ¬ nÃ³ cÅ©ng nÃ³i, cÃ³ khi báº£o nÃ³ chá»­i bá»‘ nÃ³ nÃ³ cÅ©ng chá»­i. Ká»‡ nÃ³ Ä‘i! Bao giá» lÃ  quan chá»©c háºµng hay !",2
Dm nÃ³ cÃ²n cho ngÆ°á»i vÃ o thÃ¡o Ä‘á»“ bÃ¡n áº¥y,1
Bá»‘ m cÅ©ng Ä‘áº¿n chá»‹u cÃ¡ch Äƒn mac khÃ¡c ngÆ°á»i cá»§a nÃ³ !,1
Giá» tao tháº¥y há»‘i háº­n khi vá»«a nc vá»›i 1 con bÃ²,1
CÃ¡ch xá»­ lÃ­ cÃ²n thiáº¿u chuyÃªn nghiá»‡p nx. Ik cmt ngay trÃªn bÃ i cá»§a V Ä‘á»ƒ kÃ©o theo ruá»“i phÃ¡t sÃ¡ng vÃ´ chá»­i chung,1
Äá»‹t máº¹ trá»ng tÃ i thÃ¬ nghá»‰ máº¹ viá»‡c Ä‘i,2
Vl.gáº¯t,1
Ä‘Ã£ káº¿t hÃ´n rá»“i..váº«n ná»©ng nhÆ° chÃ³ cÃ¡i,2
con cá»¥ máº¹ mÃ y cháº¿t máº¹ mÃ y Ä‘i ok,2
GhÃ©p chuáº©n nhá»‰,0
Muá»™n r con chÃ³,1
Acc áº£o,0
loi cai lin,1
lÃªn tá»« chá»©c lÃ  khÃ©o,0
"k cÃ³ thiá»‡n cáº£m vs thÃ¨n jack Ä‘c, Ä‘áº¡o Ä‘á»©c k cÃ³ thÃ¬ k cÃ³ tÆ° cÃ¡ch gÃ¬ lm nghá» sÄ© cáº£. CÃ³ quÃ¡ nhiá»u nghi váº¥n vá» trÃ¬nh Ä‘á»™ chuyÃªn mÃ´n, nhÃ¢n cÃ¡ch báº£n thÃ¢n cá»§a thÃ¨n jack. BÃªn báº» lÃ¡i dÆ° luáº­n lÃ  thÃ¨n jack thÃ¬ ai tin? Chá»‰ cÃ³ ruá»“i sÃ¡ng Ä‘Ã­t tin thoii",1
Dhs cÃ¡i tháº±ng nÃ y live cÃ²n cÃ³ ng xem nhá»‰,1
Nghi vá» nÆ°á»›c Ä‘i cha Æ¡i Äá»ƒ ngÆ°á»i hÃ¢m má»™ cÃ²n Ä‘áº¿n sÃ¢n xem,0
Tháº±ng RÃ¡ch nhiá»u anti nhá» máº¥y con Ä‘Ã³m sÃ¢u bá» Ä‘Ã³. Äá»c cmt bcuoi vl. ChÃºng mÃ y tháº¥y hay thÃ¬ chÃºng mÃ y báº£o hay. Bá»n t tháº¥y k hay thÃ¬ báº£o k hay. CÃ£i Ä‘Ã©o Ä‘c láº¡i báº£o nta bÃ¡n ol nÃªn táº¡o phá»‘t. ÄÃ©o hiá»ƒu,2
ÄÃ¹ máº¹.,1
khÃ´nh Ä‘Æ°a lÃªn live nhÆ°ng chá»‰ dÃ¡m Ä‘Æ°a lÃªn facebook. á»¦a...,0
Ã”ng pháº£i tÃ¬m tháº§y pak há»c há»i kinh nghiá»‡m rá»“i vá» má»›i tiáº¿p sá»± nghiá»‡p Hlvt dc,0
"Máº¥y tháº±ng tháº±ng bÃ³ng lá»™n  xÃ m lÃ²n,",2
Cá»™ng ThÃ nh 3 que tháº¥t há»c muÃ´n Ä‘á»i sá»§a,2
6:27 ğŸ˜‚ğŸ˜‚ğŸ˜‚,0
Fake nhanh Ä‘áº¥y,0
Ai tÃ¡p l nÃ³ mÃ  nÃ³ rÃªn dá»¯ v bÃ¢y,2
danh thi ngu suot ngay dang cay thue cai ma cu nha m nhin ghet vc,2
Cáº§n bá»‘ Ä‘á»¥ phá»¥ máº¹ mÃ y ko,2
Tinh trÃ¹ng khuyáº¿t táº­t cÃ£ má»™t bÃ¨ lÅ© tham quan tá»« nhá» tá»›i bÃ© tá»« tháº±n bá»‘ tá»›i chÃ¡u cháº¯c,2
 cc dm trá»ng tÃ i vá» VN t báº¯n cháº¿,2
Nghe ngá»©a buá»“i tháº­t,1
Tá»™i gÃ¬. Táº­t nhiá»u chuyá»‡n . BÃ¡n ko lo . ThÃ  mua xÃ´i thÃ¬ tiáº¿p . RÃ£nh Ä‘Ã¢u ra nÃ³i chuyá»‡n,1
TÃ½ vÃ o room nhÃ©,0
ÄÃ¹,0
"LÃª Táº¥n TÃ i tháº¿ lÃ  cÃ y view Ã  , ngu lá»“n Ã¡ mÃ y",2
ÄÃºng lÃ  xem mÃ¢Ã½ clip nÃ¢y khÃ´ng tha cho nÃ³ Ä‘Å¯Ã¶c nhÃ¬n cÃ¡i mÃµm nÃ³ gÃ³m quÃ¡,1
cÃ¡i bá»n cÆ°á»›p ngÃ y thÃ¬ muá»‘n lÃ m gÃ¬ cháº³ng Ä‘Æ°á»£c,2
"Biáº¿t thÃ¬ thÆ°a thá»›t, k biáº¿t ngáº­m cáº·c mÃ  nghe. CÃ¡i má»“m mÃ y sá»§a gÃ¬ tá»›i quan láº¡i tá»›i tháº±ng dÃ¢n. Tháº¿ cÃ¡i gia Ä‘Ã¬nh mÃ y lÃ  pháº£n Ä‘á»™ng k thuá»™c nhÃ  nÆ°á»›c viá»‡t nam hay sao. MÃ y phÃ¡n tá»« quan tá»›i dÃ¢n tao tháº¥y gia Ä‘Ã¬nh nhÃ  mÃ y cháº¯c chá»©c sáº¯c cÅ©ng to. PhÃ¡n cÃ¡i Ä‘Ã©o gÃ¬ c",2
Tráº§n Äáº¡t xin video Ä‘i Ã´ng,0
nÃ³i lÃ m gÃ¬ vá»›i thg tráº» con háº£ báº¡n mÃ¬nh nÃ³i Ä‘áº±ng nÃ³ tráº£ lá»i náº»o,1
"Nguyá»…n Quang Minh M ko tháº¥y nÃ³ Ä‘ang phÃ¡ Ã , Park hang seo tá»« khi lÃªn náº¯m quyá»n thÃ¬ tháº¯ng nÃ³ 4 trÃ¡i ko ngá»¡ ko 4 thÃ¬ 2 trÃ¡i nhÆ°ng tá»« khi hlv nhÆ° c nÃ y vá» gáº·p indo tÃ ng thua ko bá»‹ kÃ©o xuá»‘ng top 100 giao há»¯u thÃ¬ tÃ ng thua, tháº¯ng Ä‘á»™i kÃ©m hÆ¡n mÃ¬nh trÃªn bxh fiâ€¦ Xem thÃªm",0
Tá»™c trÆ°á»Ÿng nÄƒm 1975 =)),0
Háº¡ng má»¥c tháº§y giÃ¡o cute nháº¥t há»‡ máº·t trá»i,0
bá»‹ ngu Ã ? Nghe nháº¡c 2 tháº±ng mÃ  Ã©o hiá»ƒu váº¥n Ä‘á»,1
MÃ¬nh cÃ³ cÃ¡ch giáº£m má»¡ bá»¥ng an toÃ n hiá»‡u quáº£ táº¡i nhÃ  hoÃ n toÃ n tá»« thiÃªn nhiÃªn. M Ä‘Ã£ Ã¡p dá»¥ng thÃ nh cÃ´ng vÃ²ng eo tá»« 85cm xuá»‘ng cÃ²n 65cm. Ai hÃ³ng thÃ¬ ib m chá»‰ cho nhÃ©. ( K uá»‘ng thuá»‘c) m mÃ¡ch 10 ngÆ°á»i giáº£m cáº£ 10,0
ráº¥t cáº£m Ä‘á»™ng cho Ä‘áº¿n khi cÃ³ 1 Ä‘Ã n chim cÃ¡nh cá»¥t ğŸ™‚â€â†”ï¸ ğŸ™‚â€â†”ï¸,0
cÃ¡i tá»™i mÃª trai kkkk,0
BÃ¡n xÃ´i khÃ´ng nhiÃªu gáº·p toÃ n cÆ°á»›p bÃ³c khong,0
CÃ¡i nÃ y nÃªn Ä‘Æ°a cho cÃ¡c em máº©u giÃ¡o xem Ä‘á»ƒ cÃ¡c em biáº¿t Ä‘Ã¡nh rÄƒng tháº¿ nÃ o cho Ä‘Ãºng,0
Hot girl?? ÄÃ¡ng ra pháº£i lÃ  pÃ³nk dÆ¡ chá»© nhá»‰???,1
 +1 single mom nhe,0
Sorry clmm háº£,1
cc em luon,1
Pháº¡m Háº£i Linh,0
m Ä‘áº§n vl nÃ³i tháº¿ váº«n k hiá»ƒu.,2
LÃ¢m Äá»— HoÃ ng ThÃ´ng panba,0
VÃ´ dáº¡o Äá»©c. Báº¯t Ä‘Æ°á»£c Ä‘áº­p gÃ£y tay nÃ³,1
"bá»n dlv hÃ i tháº­t =)) D*t me tháº±ng Äƒn thuáº¿ cá»§a dÃ¢n mÃ  sá»‘ng thÃ¬ giÃºp dÃ¢n lÃ  chuyá»‡n Ä‘Æ°Æ¡ng nhiÃªn vÃ  láº½ Ä‘Æ°Æ¡ng nhiÃªn chÃºng ta váº«n kÃ­nh trá»ng há» , cÃ²n ngÆ°á»i ko Äƒn thuáº¿ , ná»™p thuáº¿ láº¡i tá»± bá» tiá»n tÃºi ra giÃºp dÃ¢n thÃ¬ chÃºng nÃ³ chá»­i nhÆ° chÃ³, chÃºng nÃ³ chá»‰ lÃ m xáº¥u Ä‘i hÃ¬nh áº£nh ngÆ°á»i chiáº¿n sÄ© cá»§a chÃºng nÃ³ mÃ  thÃ´i",2
Ã thá»©c nhÆ° qq,1
loáº¡i m báº¡c tá»›i cá»©c,2
quÃª vÃ£i l,1
"Nghá»‰ Ä‘i Ã´ng áº¡, á»Ÿ láº¡i nhá»¥c máº·t láº¯m",1
"LÃ m j pháº£i chá» nÃ³ tá»« chá»©c, Ä‘uÃ´i tháº³ng cÃ´ Ä‘i luÃ´n",1
